<?xml version="1.0" encoding="UTF-8"?>
<sitemesh>
	<!--  mapping path="/*" decorator="/WEB-INF/views/sitemesh/layoutEmpty.jsp  -->
	<mapping path="/*.do" decorator="/WEB-INF/views/sitemesh/layout.jsp"/>
	<mapping path="*_p.do" decorator="/WEB-INF/views/sitemesh/layoutPopup.jsp"/>
	<mapping path="/popup/popup_*.do*" decorator="/WEB-INF/views/sitemesh/layoutPopup.jsp"/>

	<mapping path="/*.page" decorator="/WEB-INF/views/sitemesh/layoutPage.jsp"/>

	<mapping path="/main.do" exclue="true"/>
	<mapping path="/login.do" exclue="true"/>
	<mapping path="/login_sup.do" exclue="true"/>
	<mapping path="/common/frames.do" exclue="true"/>
	<mapping path="/common/layout_*.do" exclue="true"/>
	<mapping path="/common/content.do" exclue="true"/>
	<mapping path="/common/home_buy.do" exclue="true"/>
	<mapping path="/loginByEmpNo.do*" exclue="true"/>
</sitemesh>